id,nama_depan,nama_belakang,jenis_kelamin,umur,no_telpon
1,Winda,Hutapea,F,26,6282636694110
2,Eman,Yuliarti,F,31,6284808153275
3,Syahrini,Kuswoyo,F,26,6283393970354
4,Karsana,Pertiwi,F,36,6284671388365
5,Jono,Widodo,M,21,6283293478084
6,Rangga,Hutagalung,N,40,6283117468034
7,Heru,Yuniar,N,22,6282143118405
8,Vera,Sitompul,F,23,6284833790579
9,Indah,Riyanti,F,32,6283763261748
10,Oman,Mustofa,N,29,6284462689618
11,Among,Hakim,N,18,6283859215431
12,Silvia,Pradipta,F,22,6285349818417
13,Citra,Tamba,F,26,6284516763107
14,Gambira,Hasanah,F,37,6284888049072
15,Padma,Puspasari,F,28,6282425036959
16,Jaga,Jailani,M,19,6285343455798
17,Anggabaya,Maryono,F,18,6285103499566
18,Joko,Purwanto,M,27,6284522856224
19,Dalimin,Firgantoro,M,20,6284314198272
20,Caturangga,Waluyo,M,22,6282548091666
21,Balijan,Setiawan,M,35,6282512925417
22,Lukman,Langga,M,36,6284921961803
23,Warji,Gunawan,M,21,6284045080844
24,Damar,Juana,M,20,6283732242505
25,Candrakanta,Januar,M,20,6284993469737
26,Edi,Pujiono,M,26,6285401914751
27,Utama,Karya,M,37,6284621421978
28,Limar,Susanti,F,38,6282386995320
29,Luwar,Hartati,F,21,6282689549131
30,Ana,Prastuti,F,36,6282202902828
31,Ihsan,Thamrin,M,19,6285210424321
32,Aisyah,Nuraini,F,40,6284218205952
33,Radit,Hartono,M,21,6284237783046
34,Putri,Mini,F,37,6284157868724
35,Ian,Hassanah,F,21,6283514694495
36,Jayadi,Anggit,M,23,6284636300260
37,Jaya,Gunarto,M,24,6283860254928
38,Kayun,Wacana,M,23,6283923565451
39,Rudi,Gunarto,M,29,6282647645858
40,Kasiran,Wacana,M,20,6283995028618
41,Sri,Wastuti,F,27,6283055644473
42,Vanesa,Dabukke,F,35,6284117740463
43,Dono,Widodo,M,28,6282491834187
44,Kartika,Siregar,F,26,6282132218190
45,Olivia,Kurniawan,F,32,6282632121044
46,Maras,Adriansyah,M,27,6282217204629
47,Irfan,Mansur,M,38,6282271222611
48,Laila,Oktaviani,F,27,6282354975544
49,Rudi,Saptono,M,34,6285094436735
50,Balapati,Angga,M,30,6283050463704
51,Baktianto,Widodo,M,22,6283034882230
52,Pia,Lazuardi,M,30,6285542692363
53,Emil,Susanti,F,36,6283417995909
54,Hana,Septi,F,26,6284134779153
55,Dirja,Hardiansyah,M,21,6283699814954
56,Emas,Wijaya,M,19,6283849496235
57,Emin,Prayoga,M,21,6283863766638
58,Daryani,Hakim,M,29,6284752338768
59,Dalima,Tarihoran,M,26,6283332111840
60,Catur,Prakasa,M,37,6282262091655
61,Tri,Mayasari,F,40,6282403808319
62,Wahyu,Laksono,M,22,6284417934794
63,Tomi,Marbun,M,27,6282656394379
64,Kardi,Setiadi,M,35,6282336277721
65,Ina,Fitria,F,24,6282116688014
66,Lukman,Sardi,M,18,6284143423754
67,Irma,Kartini,F,27,6282243023144
68,Doni,Salahudin,M,36,6283644826530
69,Patricia,Laksmi,F,28,6283419754188
70,Dwi,Pangestu,F,34,6282366464001
71,Cakrabuana,Mahendra,M,22,6283699798457
72,Ganep,Permata,M,26,6283677425399
73,Doni,Pranowo,M,21,6282178701072
74,Tirtayasa,Pratama,M,36,6282253048781
75,Jumari,Irawan,M,19,6285380684747
76,Zizi,Anggriani,F,23,6284146413473
77,Lanang,Prasetya,M,33,6284147025000
78,Ida,Farida,F,25,6285340084261
79,Kinda,Budiman,M,39,6282266020808
80,Kurnia,Hassanah,F,40,6284650212479
81,Mahfud,Hamdi,M,40,6283576286784
82,Gaiman,Sitorus,M,30,6284067571482
83,Candra,Widya,F,28,6284828689752
84,Eka,Permadi,M,37,6282421020278
85,Ela,Safitri,F,25,6283886130356
86,Setya,Melani,F,40,6285209147885
87,Maimunah,Mandasari,F,34,6282401881986
88,Siti,Mulyani,F,27,6283043262662
89,Sri,Utami,F,23,6284665721370
90,Lukman,Sihotang,M,28,6283536875880
91,Nisa,Puspita,F,32,6282234247836
92,Cecep,Setiawan,M,20,6284545234128
93,Maria,Listya,F,36,6282763387709
94,Gala,Hidayanto,M,31,6285458397106
95,Hadi,Purwono,M,22,6283595646862
96,Widya,Nisa,F,31,6284463857700
97,Dwi,Permadi,M,36,6285287193960
98,Opung,Budiman,M,29,6282810585929
99,Danang,Budiono,M,40,6283339809716
100,Tirta,Yuniar,F,29,6284289614174